5657026,6322952,6157818,5678400,1304629,9504011,5658116,6164570,6348652,6346268,5658800,5919821,5708825,6333801,5665801,9384427,5658205,9102133,5661011,9033299,6114420,5658207,5658114,6289121,5971305,5919827,5969223,6139220,5657050,5658215,9177767,6239924,5658119,5661019,6343698,5657012,6036063,5659106,5661024,1437753,6297907,29742337,1672356,19979003,5661028,6301954,32623171,34668227,29839036,28942675,5661015,34544128,34661814,20804752,25213847,34448056,16718107,34672559,34475521,6036071,34654459,34672172,32606272,33439305,34198487,30536813,34686773,34480944,30161157,33829573,22007586,9869484,33440922,34173708,33945986,34619371,34494337,34675133,33530798,33570783,34659367,34653703,25764187,34350618,6036049,5661009,32186163,34659898,6297908,34369582,1972635,29142333,19133399,34631983,9756463,34639405,6305765,5657051,25979277,34643191,5661004,34648737,18762312,5658202,5661029,34687827,5707458,34643224,5657020,5889011,34677447,5937804,5658100,6297903,9231814,5658214,5661025,9061169,6356892,33535566,6310419,5658120,5661030,9110204,1853143,6302000,6333802,6036062,6307112,5971310,5657017,33693463,5707455,6361221,34661787,32139349,30810183,34025098,6157815,6301989,5657413,6100400,34396108,6361224,20908757,5698402,6174530,4677400,6036052,6092631,6164543,6307118,9675205,34596938,9869493,6051811,5948003,6332856,6174528,34643641,21885794,34622732,34527151,6301992,34288092,31676521,34530162,34661425,32904376,33400202,9033388,21568085,9448859,6333814,6174549,5657025,20796555,5658200,33542701,6259339,5658118,6332852,34388179,6307120,6321912,6297906,5658123,5898602,5876907,5908502,6192606,6324752,5657013,6343701,5657049,6259477,5658103,3011335,6333804,5919824,5662503,1147033,6174544,5657040,6277810,6335454,6335442,6051800,6239927,5658209,5656800,5661020,30824817,6221393,17156453,34676238,33692717,32023305,31650237,20963538,32438173,21621579,19661508,25705313,34289389,18113514,16965795,34642298,6265130,6207801,6201330,5658121,6338638,8922295,5833313,6164554,6324749,5662500,5661033,34586574,34357161,6164569,33702174,6316063,5657030,6290579,6320931,34686475,6174535,5708801,6146816,6155555,5833311,5657043,34106686,5908700,6192700,20318483,6174536,6036050,6180306,33483745,34055312,34462408,6201344,34502497,5667710,1471304,9030568,6258133,6320930,16723949,34394787,6174506,5658107,34575047,6121000,6121002,33794338,6057716,31085238,6042801,6155551,2921372,6324748,6332857,5698403,6258045,5661012,5658102,5834907,5661006,34686564,34231787,34641652,6292241,6301702,6218701,5657037,19443992,9869518,6301975,5658111,5657029,5901110,3200276,6228704,5658115,6259479,5947149,19263716,28896349,6036034,6301985,27775881,5969218,25179674,34664116,5658211,6166943,6321910,6234018,9068572,6361129,6164563,9030238,5659100,25674638,33251749,33893523,21555928,30848182,32166205,32260627,18900975,34553163,32759714,34670633,34374206,25543173,16967542,34274252,21871445,34438183,33976494,34486693,25345191,33200512,18494419,22405984,21949628,34214133,25692912,26098703,34065661,33348534,32417596,26749952,34608033,33742527,33637654,33827276,34642165,20397955,34644296,34511142,34540727,34668089,33785677,33155283,33982086,32952791,33537141,33839489,33299987,28032173,34543234,34521707
Fleetwood Mac,06/24/2014 ,Greatest Hits [Warner Bros.] [LP] - VINYL,18.99,In Stock
Queen,02/08/2019 ,Bohemian Rhapsody [Original Motion Picture Soundtrack] [LP] - VINYL,29.99,In Stock
Elton John,11/10/2017 ,Diamonds [LP] - VINYL,33.99,In Stock
The Beatles,11/13/2012 ,Abbey Road [LP] - VINYL,20.99,In Stock
Journey,11/01/2011 ,Journey's Greatest Hits [Bonus LP Version] [LP] - VINYL,33.99,In Stock
The Doors,09/15/2009 ,Doors [180 Gram Vinyl] [LP] - VINYL,23.99,In Stock
Elvis Presley,03/04/2016 ,Essential Elvis Presley [RCA/Sony BMG] [Two-LP] [LP] - VINYL,26.99,In Stock
Original Television Soundtrack,12/15/2017 ,Stranger Things [Music from the Netflix Original Series] [LP] - VINYL,22.99,In Stock
Khalid,05/31/2019 ,Free Spirit [LP] - VINYL,24.98,In Stock
The Rolling Stones,04/19/2019 ,Honk [LP] - VINYL,34.99,In Stock
Jimi Hendrix,07/29/2014 ,Are You Experienced? [LP] - VINYL,12.99,In Stock
Iron Maiden,10/27/2014 ,Piece of Mind [LP] - VINYL,20.99,In Stock
Pink Floyd,11/04/2016 ,Dark Side of the Moon [LP] - VINYL,29.99,In Stock
King Crimson,11/22/2010 ,In the Court of the Crimson King [LP] - VINYL,20.99,In Stock
Pink Floyd,10/14/2016 ,Wish You Were Here [LP] - VINYL,29.99,In Stock
Bob Marley,07/07/2009 ,Legend [180 Gram Vinyl] [LP] - VINYL,23.99,In Stock
The Beatles,11/13/2012 ,Rubber Soul [2012 LP] [LP] - VINYL,20.99,In Stock
Wu-Tang Clan,11/09/1993 Parental Advisory,Enter the Wu-Tang (36 Chambers) [LP] [PA],18.99,In Stock
Frank Sinatra,06/09/2015 ,Ultimate Sinatra [180 Gram Vinyl] [LP] - VINYL,28.99,In Stock
Dr. Dre,05/22/2001 Parental Advisory,The Chronic [LP] [PA],22.99,In Stock
Metallica,11/10/2017 ,Master of Puppets [LP] - VINYL,18.99,In Stock
Lana Del Rey,02/21/2012 ,Born to Die [LP] - VINYL,15.99,In Stock
Johnny Cash,03/04/2016 ,The Essential Johnny Cash [LP] - VINYL,26.99,In Stock
Pink Floyd,09/28/2018 ,The  Best of Pink Floyd: A Foot in the Door [LP] - VINYL,39.99,In Stock
Lorde,11/19/2013 ,Pure Heroine [LP] - VINYL,26.99,In Stock
The Notorious B.I.G.,09/03/2013 ,Ready to Die [LP] - VINYL,28.99,In Stock
Black Sabbath,02/03/2017 ,The Ultimate Collection  [LP] - VINYL,59.99,In Stock
Green Day,11/17/2017 ,Greatest Hits: God's Favorite Band [LP] - VINYL,26.99,Check Stores
David Bowie,05/20/2016 ,Changesonebowie [Black Vinyl] [LP] - VINYL,20.99,Check Stores
The Beach Boys,06/10/2016 ,Pet Sounds [50th Anniversary Stereo Edition] [LP] - VINYL,23.99,In Stock
Panic! At the Disco,02/10/2009 ,Pretty. Odd. [LP] - VINYL,18.99,In Stock
Carole King,05/04/2018 ,Her Greatest Hits: Songs of Long Ago [LP] - VINYL,18.99,In Stock
Foo Fighters,11/03/2009 ,Greatest Hits [LP] - VINYL,22.99,In Stock
Taylor Swift,12/09/2014 ,1989 [LP] - VINYL,23.99,In Stock
Kiss,03/29/2019 ,Kissworld: The Best of Kiss [LP] - VINYL,22.99,In Stock
Linkin Park,10/22/2013 ,Hybrid Theory [LP] - VINYL,20.99,In Stock
Tool,09/17/1996 Parental Advisory,Undertow [LP] [PA],28.99,In Stock
Tyler Bates,09/16/2014 ,Guardians of the Galaxy: Deluxe [Original Motion Picture Soundtrack] [LP] - VINYL,23.99,In Stock
Sublime,06/24/2016 Parental Advisory,Sublime [LP] [PA],26.99,In Stock
Miles Davis,04/12/2011 ,Kind of Blue [180-Gram Vinyl] [LP] - VINYL,22.99,In Stock
System of a Down,10/12/2018 ,Toxicity [LP] - VINYL,15.99,In Stock
Amy Winehouse,02/12/2016 ,Frank [LP] - VINYL,29.99,In Stock
Florence + the Machine,08/31/2010 ,Lungs [LP] - VINYL,16.99,In Stock
John Mayer,03/06/2012 ,Where the Light Is: John Mayer Live in Los Angeles [LP] - VINYL,58.99,In Stock
Amy Winehouse,06/19/2007 Parental Advisory,Back to Black [LP] [PA],16.99,In Stock
Fleetwood Mac,10/12/2018 ,The Dance [LP] - VINYL,28.99,In Stock
Men at Work,03/17/2017 ,Business as Usual [LP] - VINYL,23.99,In Stock
Waylon Jennings,08/23/2019 ,Greatest Hits [RCA] [LP] - VINYL,19.99,Pre-Order
Waylon Jennings,11/13/2015 ,The Ramblin' Man [LP] - VINYL,23.99,In Stock
Bob Marley,09/25/2015 ,The Complete Island Recordings [LP] - VINYL,$299.99,In Stock
Tom Petty,07/29/2016 ,Greatest Hits [LP] - VINYL,28.99,In Stock
The National,05/17/2019 ,I Am Easy to Find [LP] - VINYL,58.99,In Stock
Tiny Moving Parts,09/13/2019 ,Breathe [LP] - VINYL,17.99,Pre-Order
Santana,11/20/2012 ,Moonflower [LP] - VINYL,29.99,In Stock
Kiss,09/23/2014 ,Gene Simmons [LP] - VINYL,22.99,In Stock
Dua Lipa,12/21/2018 ,Dua Lipa [Complete Edition] [LP] - VINYL,39.99,In Stock
John Mayer,11/22/2005 ,John Mayer Trio Live [LP] - VINYL,23.99,In Stock
Rodney Crowell,08/16/2019 ,Texas [LP] - VINYL,17.99,Pre-Order
Bill Evans,02/22/2019 ,Stan Getz & Bill Evans [LP] - VINYL,22.99,In Stock
Leon Bridges,06/23/2015 ,Coming Home [LP] - VINYL,18.99,In Stock
Bob Marley,08/23/2019 ,Soul Rebels [LP] - VINYL,23.99,Pre-Order
Bobby Rush,08/16/2019 ,Sitting on Top of the Blues [LP] - VINYL,17.99,Pre-Order
The Runaways,02/24/2017 ,And Now... The Runaways [LP] - VINYL,23.99,In Stock
Johnny Cash,09/08/2017 ,I Walk the Line [LP] - VINYL,32.99,In Stock
Dillon Carmichael,10/26/2018 ,Hell on an Angel [LP] - VINYL,19.99,In Stock
Japanese Breakfast,04/01/2016 ,Psychopomp [LP] - VINYL,12.99,In Stock
Original Game Soundtrack,01/31/2020 ,Final Fantasy VII. Remake/Final Fantasy VII  [LP] - VINYL,69.99,Pre-Order
John Coltrane,02/15/2019 ,Ballads [LP] - VINYL,19.99,In Stock
Stevie Ray Vaughan,01/22/2016 ,Live at Carnegie Hall [LP] - VINYL,29.99,In Stock
Johnny Cash,09/29/2017 ,Greatest Hits [LP] - VINYL,19.99,In Stock
AFI,10/22/2013 ,Burials [LP] - VINYL,22.99,In Stock
AC/DC,10/07/2003 ,The Razor's Edge [LP] - VINYL,17.99,In Stock
Mos Def,10/06/2017 ,The Ecstatic [LP] - VINYL,22.99,In Stock
Kansas,07/20/2018 ,Kansas [LP] - VINYL,23.99,In Stock
Boy Harsher,04/27/2018 ,Yr Body Is Nothing [LP] - VINYL,19.99,In Stock
Various Artists,06/28/2019 ,Woodstock: Back to the Garden (50th Anniversary Experience) [LP] - VINYL,$119.99,In Stock
Ritual Howls,03/22/2019 ,Rendered Armor [LP] - VINYL,19.99,In Stock
Alan Silvestri,08/30/2019 ,Avengers: Endgame [Original Motion Picture Soundtrack] [LP] - VINYL,19.99,Pre-Order
James Brown,10/06/2017 ,Live at the Apollo [LP] - VINYL,19.99,In Stock
George Strait,11/17/2017 ,Icon: George Strait [LP] - VINYL,16.99,In Stock
Lou Donaldson,08/09/2019 ,Alligator Boogaloo [LP] - VINYL,22.99,In Stock
Bear McCreary,08/30/2019 ,GODZILLA: KING OF THE MONSTERS [LP] - VINYL,69.99,Pre-Order
Iron Maiden,11/24/2014 ,Seventh Son of a Seventh Son [LP] - VINYL,19.99,In Stock
Luke Combs,11/16/2018 ,This One's for You Too  [LP] - VINYL,27.99,In Stock
Jimi Hendrix,04/16/2016 ,Smash Hits [LP] - VINYL,15.99,In Stock
Weezer,10/28/2016 ,Weezer [Blue Album] [LP] - VINYL,16.99,In Stock
Weezer,10/28/2016 ,Weezer [Green Album] [LP] - VINYL,16.99,In Stock
Thrice,08/16/2019 ,Beggars [10th Anniversary Edition]  [LP] - VINYL,29.99,Pre-Order
Disturbed,10/19/2018 ,Evolution [LP] - VINYL,18.99,In Stock
Lauren Daigle,12/14/2018 ,Look Up Child [LP] - VINYL,23.99,In Stock
Adele,02/22/2011 ,21 [LP] - VINYL,18.99,In Stock
"Johnny ""Hammond"" Smith",10/02/2015 ,Gears [LP] - VINYL,29.99,In Stock
Two Door Cinema Club,04/26/2011 ,Tourist History [LP] - VINYL,16.99,In Stock
Slipknot,08/09/2019 ,We Are Not Your Kind [LP] - VINYL,29.99,In Stock
Jimi Hendrix,03/09/2010 ,Electric Ladyland [LP] - VINYL,15.99,In Stock
Megadeth,06/21/2019 ,Peace Sells...But Who's Buying? [LP] - VINYL,23.99,In Stock
Travis Scott,11/16/2018 Parental Advisory,Astroworld [LP] [PA],29.99,In Stock
Fleetwood Mac,04/16/2011 ,Rumours [35th Anniversary Edition] [LP] - VINYL,23.99,In Stock
The Beatles,12/09/2014 ,1962-1966 [LP] - VINYL,32.99,In Stock
Freddie Gibbs,07/26/2019 ,Bandana [LP] - VINYL,22.99,In Stock
The Beatles,11/13/2012 ,Revolver [Remastered] [LP] - VINYL,20.99,In Stock
Solange,07/26/2019 Parental Advisory,When I Get Home [Clear colour Vinyl] [LP] [PA],23.99,In Stock
Interpol,09/07/2010 ,Turn on the Bright Lights [LP] - VINYL,22.99,In Stock
Drake,12/13/2011 Parental Advisory,Take Care [LP] [PA],23.99,In Stock
Kendrick Lamar,10/22/2012 ,"Good Kid, M.A.A.D. City [LP] [Bonus Tracks]",20.99,In Stock
"Tyler, The Creator",09/27/2019 ,IGOR [LP] - VINYL,23.99,Pre-Order
Queen,11/18/2016 ,Greatest Hits [2 LP] [LP] - VINYL,32.99,In Stock
Sublime with Rome,08/02/2019 ,Blessings [LP] - VINYL,23.99,In Stock
Led Zeppelin,10/27/2014 ,Led Zeppelin IV [LP] - VINYL,23.99,In Stock
Prince,06/23/2017 ,Purple Rain [Paisley Park Remaster] [LP] - VINYL,23.99,In Stock
Original Game Soundtrack,02/07/2020 ,Final Fantasy VII. Remake/Final Fantasy VII [Limited Edition] [LP] - VINYL,$119.99,Pre-Order
Led Zeppelin,06/03/2014 ,Led Zeppelin II [Remastered] [LP] - VINYL,23.99,In Stock
Lauryn Hill,12/15/2014 ,The Miseducation of Lauryn Hill [LP] - VINYL,26.99,In Stock
Bradley Cooper,10/05/2018 Parental Advisory,A Star Is Born [2018] [Original Motion Picture Soundtrack] [LP] [PA],33.99,In Stock
Mastodon,05/05/2009 ,Crack the Skye [LP] - VINYL,14.99,In Stock
Creedence Clearwater Revival,07/01/1991 ,Chronicle: The 20 Greatest Hits [LP] - VINYL,23.99,In Stock
Rush,03/17/2015 ,2112 [LP] - VINYL,26.99,In Stock
AC/DC,10/14/2003 ,Back in Black [LP] - VINYL,19.99,In Stock
Various Artists,07/26/2019 ,"Stranger Things: Soundtrack From the Netflix Original Series, Season 3 [LP] - VINYL",29.99,In Stock
Billie Eilish,11/10/2017 ,dont smile at me [LP] - VINYL,19.99,In Stock
Lynyrd Skynyrd,11/30/2018 ,Skynyrd's Innyrds: Greatest Hits [LP] - VINYL,17.99,In Stock
Pink Floyd,08/26/2016 ,The Wall [LP] - VINYL,42.99,In Stock
Elton John,04/08/2014 ,Goodbye Yellow Brick Road [LP] - VINYL,28.99,In Stock
Marvin Gaye,12/09/2008 ,What's Going On [180 Gram Vinyl] [LP] - VINYL,23.99,In Stock
Eagles,02/08/2011 ,Their Greatest Hits 1971-1975 [LP] - VINYL,23.99,In Stock
Metallica,11/02/2018 ,...And Justice for All [LP] - VINYL,23.99,In Stock
John Denver,01/18/2019 ,Greatest Hits [LP] - VINYL,18.99,In Stock
Tool,09/17/1996 Parental Advisory,Opiate [EP] [LP] [PA],.99,Check Stores
The Beatles,11/09/2018 ,The Beatles [White Album] [50th Anniversary Edition] [LP] - VINYL,42.99,In Stock
Original Soundtrack,08/11/2017 ,"Guardians of the Galaxy: Awesome Mix, Vol. 2 [Deluxe Edition] [2 LP] [LP] - VINYL",26.99,In Stock
Twenty One Pilots,07/31/2015 ,Blurryface [LP] - VINYL,26.99,In Stock
Nine Inch Nails,11/17/2017 ,The Fragile [Definitive Edition] [LP] - VINYL,39.99,In Stock
Queen,02/10/2017 ,Greatest Hits II [LP] - VINYL,32.99,In Stock
Garth Brooks,11/01/2019 ,Legacy Collection [Limited Edition Numbered] [7 180 Gram Vinyl/7 CD] [Poster] [LP] - VINYL,74.99,Pre-Order
NF,09/13/2019 ,The Search [LP] - VINYL,23.99,Pre-Order
Radiohead,10/14/2016 ,Kid A [LP] - VINYL,23.99,In Stock
Lin-Manuel Miranda,04/15/2016 Parental Advisory,Hamilton: An American Musical [Original Broadway Cast Recording] [4 LP Box Set] [LP] [PA],69.99,In Stock
Nipsey Hussle,04/20/2018 Parental Advisory,Victory Lap [LP] [PA],29.99,In Stock
Steve Miller,10/27/2017 ,Ultimate Hits [LP] - VINYL,28.99,In Stock
Greta Van Fleet,10/19/2018 ,Anthem of the Peaceful Army [LP] - VINYL,18.99,In Stock
Panic! At the Disco,04/01/2016 ,Death of a Bachelor [LP] - VINYL,18.99,In Stock
Khalid,04/14/2017 ,American Teen [LP] - VINYL,18.99,In Stock
Boy Harsher,02/01/2019 ,Careful [LP] - VINYL,19.99,In Stock
Garth Brooks,11/01/2019 ,Legacy Collection [Limited Edition] [LP] - VINYL,64.99,Pre-Order
Nas,01/22/2013 Parental Advisory,Illmatic [LP] [PA],22.99,In Stock
The Beatles,11/13/2012 ,Let It Be [LP] - VINYL,20.99,In Stock
The Beach Boys,03/02/2018 ,Sounds of Summer: The Very Best of the Beach Boys [LP] - VINYL,22.99,Check Stores
Adele,11/20/2015 ,25 [LP] - VINYL,24.99,In Stock
TLC,10/02/2012 ,CrazySexyCool [LP] - VINYL,26.99,In Stock
Jimi Hendrix,09/08/2017 ,Experience Hendrix: The Best of Jimi Hendrix [LP] - VINYL,19.99,In Stock
The Beatles,12/15/2017 ,Sgt. Pepper's Lonely Hearts Club Band [50th Anniversary Edition] [1 LP] [LP] - VINYL,22.99,In Stock
The Beatles,11/09/2018 ,The Beatles [White Album] [50th Anniversary Deluxe Edition] [LP] - VINYL,94.99,In Stock
Neil Young,12/22/2009 ,Greatest Hits [LP] - VINYL,46.99,In Stock
Sebastián Yatra,06/07/2019 ,Fantasia [LP] - VINYL,19.99,In Stock
AC/DC,10/14/2003 ,Highway to Hell [LP] - VINYL,19.99,In Stock
Coheed and Cambria,10/21/2014 ,In Keeping Secrets of Silent Earth: 3 [LP] - VINYL,35.99,In Stock
Kendrick Lamar,07/14/2017 ,DAMN. [LP] - VINYL,29.99,In Stock
Eagles,03/08/2019 ,Hell Freezes Over [25th Anniversary Edition] [LP] - VINYL,33.99,In Stock
Kiss,04/01/2014 ,Destroyer [LP] - VINYL,22.99,In Stock
Ty Segall,08/02/2019 ,First Taste [LP] - VINYL,22.99,In Stock
Cage the Elephant,10/08/2013 ,Melophobia [LP] - VINYL,14.99,In Stock
Billy Joel,08/09/2019 ,River of Dreams [LP] - VINYL,32.99,In Stock
Bernard Herrmann,08/09/2019 ,Marnie [Original Motion Picture Soundtrack] [Super Deluxe Edition] [LP] - VINYL,58.99,In Stock
Twenty One Pilots,10/05/2018 ,Trench [LP] - VINYL,28.99,In Stock
Kansas,09/28/2018 ,Audio-Visions [LP] - VINYL,32.99,In Stock
Bon Jovi,11/04/2016 ,Crush [LP] - VINYL,29.99,In Stock
Dervish,05/24/2019 ,The Great Irish Songbook [LP] - VINYL,23.99,In Stock
Strung Out,08/09/2019 ,Songs of Armor and Devotion [LP] - VINYL,14.99,In Stock
Frenzal Rhomb,05/26/2017 ,Hi-Vis High Tea [LP] - VINYL,12.99,In Stock
The Runaways,10/06/2017 ,Live in New York 1978 [LP] - VINYL,23.99,In Stock
2Pac,05/22/2001 Parental Advisory,All Eyez on Me [LP] [PA],28.99,In Stock
Radiohead,05/20/2016 ,In Rainbows [180 Gram Vinyl] [LP] - VINYL,22.99,In Stock
A Tribe Called Quest,11/09/1993 ,Midnight Marauders [LP] - VINYL,18.99,In Stock
Foreigner,11/16/2018 ,Records [Red Vinyl] [LP] - VINYL,20.99,In Stock
Pantera,10/30/2015 ,History of Hostility [LP] - VINYL,18.99,In Stock
Metallica,04/15/2016 ,Ride the Lightning [LP] - VINYL,18.99,In Stock
W.A.S.P.,11/27/2012 ,Inside the Electric Circus [LP] - VINYL,19.99,In Stock
Beastie Boys,10/14/2016 ,Licensed to Ill [30th Anniversary Edition] [LP] - VINYL,23.99,In Stock
Pearl Jam,11/10/2017 ,Ten [LP] - VINYL,15.99,In Stock
Guns N' Roses,06/29/2018 ,Appetite for Destruction [2018 Remaster] [LP] - VINYL,33.99,In Stock
J. Cole,03/17/2015 ,2014 Forest Hills Drive [LP] - VINYL,23.99,In Stock
R.E.M.,06/14/2019 ,In Time: The Best of R.E.M. 1988-2003 [LP] - VINYL,28.99,In Stock
Kids See Ghosts,11/02/2018 ,Kids See Ghosts [LP] - VINYL,14.99,In Stock
Queen,12/21/2018 ,The Game [LP] - VINYL,22.99,In Stock
Cardi B,12/07/2018 ,Invasion of Privacy [LP] - VINYL,27.99,In Stock
Phil Collins,10/12/2018 ,The Singles [LP] - VINYL,39.99,In Stock
Aerosmith,04/20/2013 ,Toys in the Attic [Remastered] [LP] - VINYL,19.99,In Stock
Soundgarden,06/03/2014 ,Superunknown [LP] - VINYL,28.99,In Stock
Bob Seger,06/02/2017 ,Greatest Hits [2LP] [LP] - VINYL,28.99,In Stock
Eagles,07/21/2017 ,"Their Greatest Hits, Vols. 1 & 2 [LP] - VINYL",37.99,In Stock
2Pac,02/16/2018 Parental Advisory,Strictly 4 My N.I.G.G.A.Z. [LP] [PA],28.99,In Stock
Elvis Presley,11/30/2018 ,The King in the Ring [LP] - VINYL,22.99,In Stock
Iron Maiden,10/14/2014 ,Number of the Beast [LP] - VINYL,20.99,In Stock
Various Artists,04/05/2019 ,Many Faces of Queen [LP] - VINYL,25.99,In Stock
David Bowie,02/26/2016 ,Rise and Fall of Ziggy Stardust and the Spiders from Mars [LP] - VINYL,20.99,In Stock
"Crosby, Stills & Nash",06/29/2018 ,CSN [LP] - VINYL,20.99,In Stock
Bruce Springsteen,06/16/2015 ,Born to Run [LP] - VINYL,22.99,In Stock
-1893-- Artist:Grateful Dead,09/06/2011 ,American Beauty [180g] [LP] - VINYL,23.99,Check Stores
Mötley Crüe,03/22/2019 ,The  Dirt [Official Soundtrack] [LP] - VINYL,23.99,In Stock
Rush,10/01/2013 ,Vapor Trails [180 Gram Vinyl] [LP] - VINYL,28.99,Check Stores
Black Sabbath,08/05/2016 ,Paranoid [LP] - VINYL,20.99,Check Stores
Gorillaz,09/28/2010 ,Plastic Beach [LP] - VINYL,18.99,In Stock
Imagine Dragons,07/21/2017 ,Evolve [LP] - VINYL,22.99,In Stock
James Taylor,12/03/2013 ,Greatest Hits [LP] - VINYL,18.99,In Stock
Future,07/13/2018 Parental Advisory,Superfly [Original Motion Picture Soundtrack] [LP] [PA],33.99,In Stock
Joan Jett,03/01/2019 ,Bad Reputation [Music From the Original Motion Picture] [LP] - VINYL,18.99,Check Stores
Meat Loaf,03/08/2019 ,Hits Out of Hell [LP] - VINYL,20.99,In Stock
Ozzy Osbourne,05/31/2011 ,Blizzard of Ozz [LP] - VINYL,20.99,In Stock
Paul McCartney,05/18/2018 ,Wings Greatest [LP] - VINYL,22.99,In Stock
The Rolling Stones,06/09/2015 ,Sticky Fingers [LP] - VINYL,23.99,In Stock
Al Green (Vocals),06/23/2009 ,RB-LP-GREATEST HITS,16.99,In Stock
Chris Stapleton,05/26/2015 ,Traveller [LP] - VINYL,16.99,In Stock
Michael Jackson,05/06/2016 ,Thriller [LP] - VINYL,19.99,In Stock
R.E.M.,11/10/2017 ,Automatic for the People [25th Anniversary Edition] [LP] - VINYL,22.99,In Stock
Girls Against Boys,07/25/1995 ,Venus Luxure No. 1 Baby [LP] - VINYL,14.99,In Stock
Chris Bacon,08/23/2019 ,Men in Black International [Original Motion Picture Soundtrack] [LP] - VINYL,19.99,Pre-Order
Danny Elfman,01/05/2018 ,Men in Black [Original Score] [LP] - VINYL,19.99,In Stock
John Ottman,09/02/2016 ,X-Men: Apocalypse [Original Motion Picture Soundtrack] [LP] - VINYL,39.99,In Stock
Henry Jackman,07/15/2016 ,X-Men: First Class [Original Motion Picture Soundtrack] [LP] - VINYL,39.99,In Stock
The Men,03/05/2013 ,New Moon [LP] - VINYL,17.99,In Stock
Original Motion Picture Soundtrack,01/27/2017 ,20th Century Women [Music from the Motion Picture [LP] - VINYL,19.99,In Stock
The Shirelles,07/30/2013 ,Baby It's You [LP] - VINYL,22.99,In Stock
The Rolling Stones,11/21/2011 ,Some Girls [LP] - VINYL,22.99,In Stock
Cole Porter,11/04/2014 ,The Seeburg Music Library: Best of Cole Porter [LP] - VINYL,23.99,In Stock
The Green River Boys,09/21/2018 ,Big Bluegrass Special [LP] - VINYL,19.99,In Stock
The xx,10/20/2009 ,xx [LP] - VINYL,22.99,In Stock
AC/DC,10/14/2003 ,Powerage [LP] - VINYL,17.99,In Stock
Yellow Magic Orchestra,09/20/2019 ,Naughty Boys [LP] - VINYL,58.99,Pre-Order
U2,07/27/2018 ,The Best of 1980-1990 [LP] - VINYL,28.99,In Stock
Rob Zombie,03/30/2018 ,Hellbilly Deluxe [LP] - VINYL,18.99,In Stock
John Williams,03/16/2018 ,Star Wars: The Last Jedi [2 LP] [LP] - VINYL,22.99,In Stock
Daft Punk,05/21/2013 ,Random Access Memories [180 Gram Vinyl] [LP] - VINYL,33.99,In Stock
Nirvana,04/12/2019 ,Live at the Paramount  [LP] - VINYL,31.99,In Stock
Jimi Hendrix,09/30/2008 ,Band of Gypsys [LP] - VINYL,22.99,In Stock
Led Zeppelin,06/03/2014 ,Led Zeppelin [Deluxe Edition] [Remastered] [LP] - VINYL,49.99,In Stock
Chris Stapleton,12/01/2017 ,From A Room: Volume 2 [LP] - VINYL,20.99,In Stock
Sublime,02/22/2019 ,Greatest Hits [LP] - VINYL,26.99,In Stock
Bruno Mars,11/18/2016 ,24K Magic [LP] - VINYL,18.99,In Stock
Kendrick Lamar,10/23/2015 ,To Pimp a Butterfly [LP] - VINYL,26.99,In Stock
Billie Marten,05/03/2019 ,Feeding Seahorses by Hand [LP] - VINYL,39.99,In Stock
BROCKHAMPTON,12/14/2018 ,iridescence [LP] - VINYL,23.99,In Stock
Judas Priest,12/01/2017 ,Stained Class [LP] - VINYL,18.99,In Stock
Anna Burch,02/02/2018 ,Quit the Curse [LP] - VINYL,19.99,In Stock
Neil Young,12/14/2018 ,Songs for Judy [LP] - VINYL,23.99,In Stock
Radiohead,05/20/2016 ,OK Computer [LP] - VINYL,26.99,In Stock
Prince,09/21/2018 ,Piano & a Microphone 1983 [LP] - VINYL,20.99,In Stock
Kid Rock,02/08/2019 ,Greatest Hits: You Never Saw Coming [LP] - VINYL,29.99,In Stock
David Arnold,08/16/2019 ,Good Omens [Original TV Soundtrack] [LP] - VINYL,47.99,Pre-Order
Maroon 5,01/19/2018 ,Red Pill Blues [LP] - VINYL,20.99,In Stock
A Tribe Called Quest,12/23/2016 ,We Got It from Here... Thank You 4 Your Service [LP] - VINYL,28.99,In Stock
Jimmy Buffett,11/18/2016 ,Songs You Know by Heart: Jimmy Buffett's Greatest Hit(s) [LP] - VINYL,18.99,In Stock
Pink Floyd,11/17/2017 ,Delicate Sound of Thunder [LP] - VINYL,37.99,In Stock
Gorillaz,04/28/2017 ,Humanz [LP] - VINYL,26.99,In Stock
Eagles,02/24/2015 ,Hotel California [LP] - VINYL,23.99,In Stock
The Darkness,06/15/2018 ,Live at Hammersmith [LP] - VINYL,29.99,In Stock
Percy Sledge,08/16/2016 ,Percy Sledge [Starting Five] [LP] - VINYL,15.99,In Stock
Bob Dylan,12/08/2017 ,Love and Theft [LP] - VINYL,26.99,In Stock
The Smashing Pumpkins,07/17/2012 ,Pisces Iscariot [LP] - VINYL,23.99,In Stock
Jimi Hendrix,03/09/2018 ,Both Sides of the Sky [LP] - VINYL,22.99,In Stock
Cypress Hill,04/20/2013 ,Black Sunday [LP] - VINYL,33.99,In Stock
Santana,01/26/2018 ,Greatest Hits [LP] - VINYL,18.99,In Stock
Courtney Barnett,10/13/2017 ,Lotta Sea Lice [LP] - VINYL,22.99,In Stock
Bishop Briggs,06/22/2018 ,Church of Scars [LP] - VINYL,16.99,In Stock
-M-,02/15/2019 ,Lettre Infinie [LP] - VINYL,29.99,In Stock
Jack White,03/23/2018 ,Boarding House Reach [180 Gram Vinyl] [LP] - VINYL,23.99,In Stock
Better Oblivion Community Center,02/22/2019 ,Better Oblivion Community Center [LP] - VINYL,19.99,In Stock
John Lennon,08/21/2015 ,Imagine [LP] - VINYL,20.99,In Stock
The Smashing Pumpkins,11/29/2011 ,Gish [LP] - VINYL,18.99,In Stock
Jay-Z,09/11/2001 Parental Advisory,The Blueprint [LP] [PA],28.99,In Stock
8133 Release Date:06/22/2018,06/22/2018 ,RKHA-LP-BAD WITCH,13.99,In Stock
Anderson .Paak,01/25/2019 Parental Advisory,Oxnard [LP] [PA],29.99,Check Stores
A Perfect Circle,09/16/2003 ,Thirteenth Step [LP] - VINYL,22.99,In Stock
Maggie Rogers,01/18/2019 ,Heard It in a Past Life [LP] - VINYL,19.99,In Stock
AWOLNATION,02/02/2018 ,Here Come the Runts [LP] - VINYL,18.99,In Stock
Bruce Springsteen,06/16/2015 ,Born in the U.S.A. [LP] - VINYL,23.99,In Stock
Lamb of God,05/03/2019 ,Ashes of the Wake [15th Anniversary] [LP] - VINYL,23.99,In Stock
Kid Cudi,09/15/2009 Parental Advisory,Man on the Moon: The End of Day [LP] [PA],22.99,In Stock
Lady Gaga,11/04/2008 ,The Fame [LP] - VINYL,22.99,Check Stores
Various Artists,11/23/2017 ,Gentle Giants: The Songs of Don Williams [LP] - VINYL,27.99,In Stock
Avenged Sevenfold,02/10/2017 ,The Best of 2005-2013 [LP] - VINYL,33.99,In Stock
Zucchero,04/07/2017 ,Black Cat [LP] - VINYL,22.99,In Stock
blink-182,12/23/2016 ,Dude Ranch [LP] - VINYL,26.99,In Stock
Pink Floyd,11/17/2017 ,Collection of Great Dance Songs [LP] - VINYL,26.99,In Stock
Nine Inch Nails,07/12/2011 ,Pretty Hate Machine [LP] - VINYL,20.99,In Stock
Def Leppard,02/08/2019 ,The  Story So Far: The Best of Def Leppard [LP] - VINYL,28.99,In Stock
Future,03/15/2019 ,FUTURE HNDRXX PRESENTS: THE WIZRD [Purple & Orange Vinyl] [Only @ Best Buy] [LP] - VINYL,28.99,In Stock
The Beatles,12/09/2014 ,LOVE [LP] - VINYL,46.99,In Stock
Def Leppard,06/15/2018 ,Vault: Def Leppard Greatest Hits 1980-1995 [LP] - VINYL,29.99,In Stock
N.W.A,09/03/2013 Parental Advisory,Straight Outta Compton [LP] [PA],23.99,In Stock
The Strokes,01/01/2001 ,Is This It (LP) [LP] - VINYL,18.99,In Stock
Chris Stapleton,05/05/2017 ,From A Room: Volume 1 [LP] - VINYL,20.99,In Stock
The Rolling Stones,11/25/2003 ,Hot Rocks: 1964-1971 [LP] - VINYL,28.99,In Stock
Nirvana,08/30/2019 ,"Live & Loud: Seattle, WA, 13th December 1993 [LP] - VINYL",23.99,Pre-Order
Mac Miller,11/23/2018 ,Swimming [LP] - VINYL,23.99,In Stock
Original Soundtrack,07/09/2019 ,Woodstock Two [LP] - VINYL,32.99,In Stock
Aretha Franklin,09/28/2018 ,"The Atlantic Singles Collection, 1967-1970 [LP] - VINYL",29.99,Check Stores
Weezer,10/28/2016 ,Pinkerton [LP] - VINYL,16.99,In Stock
"Dixon,Kyle / Stein,Michael",06/15/2018 ,"SDTRK-LP-SEASON ONE, VOL. 1",28.99,Check Stores
Red Hot Chili Peppers,01/10/2012 Parental Advisory,Blood Sugar Sex Magik [LP] [PA],33.99,In Stock
Tame Impala,08/16/2011 ,Innerspeaker [LP] - VINYL,22.99,In Stock
Pearl Jam,03/24/2009 ,Ten [Vinyl Collection] [LP] - VINYL,27.99,In Stock
Ozzy Osbourne,05/31/2011 ,Diary of a Madman [LP] - VINYL,20.99,In Stock
Kings of Leon,10/14/2016 ,WALLS [LP] - VINYL,20.99,Check Stores
Led Zeppelin,02/24/2015 ,Physical Graffiti [Two-LP] [Remastered] [OGV] [LP] - VINYL,37.99,In Stock
The Cure,06/30/2017 ,Greatest Hits [LP] - VINYL,33.99,Check Stores
The Stylistics,10/17/1990 ,The Best of the Stylistics [Amherst] [LP] - VINYL,17.99,In Stock
Kiss,04/01/2014 ,Kiss [LP] - VINYL,22.99,In Stock
David Bowie,01/08/2016 ,Blackstar [LP] - VINYL,28.99,Check Stores
Gorillaz,06/29/2018 ,The Now Now [LP] - VINYL,18.99,Check Stores
Foo Fighters,09/15/2017 ,Concrete and Gold [2 LP] [LP] - VINYL,18.99,In Stock
El Michels Affair,04/17/2009 ,Enter the 37th Chamber [LP] - VINYL,17.99,In Stock
Maroon 5,07/20/2015 ,V [LP] - VINYL,19.99,In Stock
Joey Bada$$,04/07/2017 ,All-Amerikkkan Bada$$ [LP] - VINYL,23.99,In Stock
Eric Clapton,07/31/2015 ,Forever Man [LP] - VINYL,23.99,In Stock
Cold Chisel,04/21/2015 ,Cold Chisel [Limited Edition Vinyl Box Set] [LP] - VINYL,$499.99,In Stock
Led Zeppelin,11/20/2015 ,Mothership [180 Gram Vinyl] [LP] - VINYL,59.99,Check Stores
Velvet Revolver,05/20/2014 ,Contraband [LP] - VINYL,29.99,In Stock
Various Artists,07/19/2019 ,"Woodstock: Music from the Original Soundtrack and More, Vol. 1 [LP] - VINYL",47.99,In Stock
Childish Gambino,04/19/2014 ,Because the Internet [LP] - VINYL,35.99,In Stock
U2,12/01/2017 ,Songs of Experience [Extra Deluxe Edition] [2 LP/1 CD] [LP] - VINYL,97.99,In Stock
Drake,11/16/2018 ,Scorpion [LP] - VINYL,33.99,In Stock
Kendrick Lamar,05/11/2018 Parental Advisory,Black Panther: The Album [Music from and Inspired By] [LP] [PA],28.99,In Stock
John Coltrane,06/20/1995 ,A  Love Supreme [LP] - VINYL,22.99,In Stock
Aerosmith,06/21/2019 ,Aerosmith's Greatest Hits [LP] - VINYL,22.98,In Stock
"Earth, Wind & Fire",01/19/2018 ,"Greatest Hits, Vol. 1 [LP] - VINYL",18.99,In Stock
The Allman Brothers Band,09/23/2008 ,Live At Fillmore East (Ogv) - VINYL,28.99,In Stock
Eminem,12/13/2005 Parental Advisory,Curtain Call: The Hits [LP] [PA],23.99,In Stock
Liptones,09/30/2014 ,Sidospär [LP] - VINYL,19.99,In Stock
Costin Chioreanu,08/18/2017 ,There Is a Place Called Home [LP] - VINYL,23.99,In Stock
Ryan Porter,03/30/2018 ,The Optimist [LP] - VINYL,36.99,In Stock
James Maddock,11/11/2013 ,Another Life [LP] - VINYL,14.99,In Stock
U.K. Subs,04/29/2016 ,Friends and Relations [LP] - VINYL,23.99,In Stock
Serge Gainsbourg,11/25/2016 ,Vu de L'exterieur [LP] - VINYL,19.99,In Stock
Glucks,09/30/2016 ,Youth on Dope [LP] - VINYL,19.99,In Stock
Vermillion Sands,10/19/2010 ,Miss My Gun [LP] - VINYL,12.99,In Stock
Various Artists,05/17/2019 ,"Diggin' for Gold, Vol. 3 [LP] - VINYL",29.99,In Stock
Chastity Brown,05/19/2017 ,Silhouette of Sirens [LP] - VINYL,23.99,In Stock
Eric Serra,08/23/2019 ,Subway [Original Motion Picture Soundtrack] [LP] - VINYL,12.99,Pre-Order
Big Country,09/28/2018 ,"We're Not in Kansas, Vol. 1 [LP] - VINYL",39.99,In Stock
Tony Bennett,11/04/2014 ,The Tony Bennett/Bill Evans Album [LP] - VINYL,19.99,In Stock
Beck,12/13/2005 ,Guerolito [LP] - VINYL,12.99,In Stock
1939 Ensemble,09/14/2018 ,New Cinema [LP] - VINYL,19.99,In Stock
Obelyskkh,09/24/2013 ,Hymn to Pan [LP] - VINYL,19.99,In Stock
Various Artists,12/14/2018 ,"Twelve String High, Vol. 3 [LP] - VINYL",47.99,In Stock
Reverend Beat-Man,04/05/2018 ,Blues Trash [LP] - VINYL,23.99,In Stock
André,02/01/2019 ,"Themagogia. Tradurre, Tradire, Trappare. [LP] - VINYL",39.99,In Stock
Nihill,07/15/2014 ,Grond [LP] - VINYL,23.99,In Stock
Warrant,08/25/2017 ,Louder Harder Faster [LP] - VINYL,23.99,In Stock
Lee Konitz,04/06/2010 ,Lee Konitz with Warne Marsh [LP] - VINYL,22.99,In Stock
Bee & Flower,05/08/2012 ,Suspension [LP] - VINYL,58.99,In Stock
The Books,10/15/2013 ,Music for a French Elevator and Other Short Format Oddities [LP] - VINYL,23.99,In Stock
Antarctigo Vespucci,07/27/2018 ,The Essential Antarctico Vespucci V.1 [LP] - VINYL,14.99,In Stock
Oasis,09/30/2014 ,(Whats the Story) Morning Glory [Remastered] [LP] - VINYL,29.99,In Stock
U.K. Subs,02/10/2015 ,Another Kind of Blues [LP] - VINYL,22.99,In Stock
Hubert-Félix Thiéfaine,05/11/2018 ,Eros Über Alles [LP] - VINYL,22.99,In Stock
Pandemonium,09/15/2017 ,Devilri  [LP] - VINYL,22.99,In Stock
Tommy Peltier,03/03/2017 ,Chariot of Astral Light [LP] - VINYL,29.99,In Stock
Ohio Players,03/03/2015 ,Observations in Time [LP] - VINYL,22.99,In Stock
Stefano Bollani,05/10/2019 ,Shades of Chet [LP] - VINYL,89.99,In Stock
Lucifer's Hammer,01/12/2018 ,Victory Is Mine [LP] - VINYL,14.99,In Stock
Ray Charles,11/17/2017 ,At Newport [LP] - VINYL,19.99,In Stock
Dickey Betts,11/24/2016 ,"Live at the Coffee Pot, 1983 [LP] - VINYL",29.99,In Stock
Tommy McCook & the Supersonics,07/19/2019 ,Greater Jamaica Moonwalk Reggae [LP] - VINYL,23.99,In Stock
Thelema,05/01/2012 ,Hearing the Light [LP] - VINYL,27.99,In Stock
School of Language,07/26/2019 ,45 [LP] - VINYL,16.99,In Stock
Skryptor,03/29/2019 ,Luminous Volumes [LP] - VINYL,19.99,In Stock
Steve Moore,05/10/2019 ,Beloved Exile [LP] - VINYL,22.99,In Stock
TaxiWars,09/13/2019 ,Artificial Horizon [LP] - VINYL,23.99,Pre-Order
Cindy Lee,03/09/2018 ,Act of Tenderness [LP] - VINYL,19.99,In Stock
Come On,06/16/2017 ,1979-1980 [LP] - VINYL,32.99,In Stock
Kelly Willis,05/18/2018 ,Back Being Blue [LP] - VINYL,17.99,In Stock
Henry Mancini,06/16/2017 ,Arabesque [Original Motion Picture Soundtrack] [LP] - VINYL,29.99,In Stock
Bethlehem Steel,11/10/2017 ,Party Naked Forever [LP] - VINYL,16.99,In Stock
Sun Records Does Hank Williams / Various (Colv),01/12/2018 ,SUN RECORDS DOES HANK WILLIAMS,19.99,In Stock
Joan Baez,08/11/2017 ,In Concert [Wax Time] [LP] - VINYL,14.99,In Stock
Prinzhorn Dance School,06/09/2015 ,Home Economics [LP] - VINYL,14.99,In Stock
Simon & Garfunkel,03/08/2019 ,"Parsley, Sage, Rosemary and Thyme [LP] - VINYL",47.99,In Stock
Motörhead,04/05/2019 ,Hammered [LP] - VINYL,23.99,In Stock
